"SppCode","prop_small","prop_med","prop_large"
"ACNE",0.0627352337049884,0.109597049647531,0.102419940635401
"ACSA1",0.151154777063292,0.303803734469524,0.511983650253488
"CICA",0.971353874883287,0.967017954722873,0.999703966844287
"CU",0.250854577993229,0.186297768951101,0.240535889451592
"EU1",0.262973054259134,0.338620501690788,0.285364223860533
"FIBE",0.328593912390511,0.269462988297997,0.184033982617902
"FIMI",0.0661235328711969,0.104160796410753,0.129108821831794
"FRAN2",0.0117841973131507,0.00390707850489452,0.00133818418545455
"FRUH",0.0292763111611377,0.043464215943092,0.0662299454746457
"FRVE",0.0463886723858751,0.0573247049871551,0.0457182671335013
"JU",0.344313665617868,0.293160619251078,0.250800257240227
"LIST",0.975501603414773,0.972567640692501,0.965646529708638
"LITU",0.995503853839566,0.994845360824742,0.992753623188406
"MAGR",0.384987403958404,0.551338074437447,0.658229154441525
"MOAL",0.423693452665634,0.439166442862334,0.420169028524238
"PI2",0.0732252812146171,0.0584544601865171,0.0588249640031977
"PICA",0.0447854799100322,0.0569434225666816,0.0566775245842453
"PIEL2",0.00698678165228152,0.0101232852139692,0.00692697714520037
"PIHA",0.0170165002017004,0.0203479712412595,0.0374286023151811
"PIPI2",0.0120436112746555,0.0188513431497942,0.0559823572341948
"PLOC",0.252715813948391,0.336657253903471,0.387048324884827
"PR",0.392045095922278,0.297056972118665,0.180744283772947
"PRCE",0.156198497444629,0.0876253944199612,0.0470957336963172
"QUAG",0.0453170164109778,0.0445352464350874,0.0601902547422479
"QUIL2",0.033550820164968,0.0518380462853239,0.025985495598477
"SA",0.575157560618446,0.538046614191896,0.524147083940917
"ULPA",0.199201386561997,0.159293526394387,0.0934505263666323
"ACGI",0.0271803138103158,0.00482422094731829,0.000467675426541656
"ACLO",0.0507572709389363,0.032080860844436,0.00167897396035756
"ACME",0.310783648569543,0.495772812795548,0.619611348620288
"ACPA",0.0327921830271359,0.00583300302073625,0.00196238013367382
"ACSA3",0.00112822906940554,0,0
"ACSP2",0.205920769415489,0.144775782037386,0.209677419354839
"AECA2",0.0460150217114236,0.0358826358826359,0.0147492625368732
"ARUN",0.59163384974839,0.684412707390649,0.333333333333333
"BEPE",0.245489448884402,0.25209955521044,0.160700366652748
"CRPH",0.107262469999541,0.0631995532435883,0.111111111111111
"CUMA",0.060618501912743,0.143028540726189,0.305707067250662
"EUCA1",0.0955317225123292,0.0820864004752427,0.141231717218022
"EUCI2",0.0324639428021523,0.0670905462658504,0.0249413133293892
"EUFI81",0.0236938362066144,0.0379762830687507,0.0445817174450358
"EUGL",0.071818555226345,0.0502720922435855,0.151057133169398
"EULE",0.0127068741622191,0.00843265642026298,0.0077101554289276
"EUNI",0.032782597189364,0.0267581481251213,0.0333560297829548
"EUPO",0.0953646909409372,0.101679274005595,0.047215011402097
"EUSI",0.120045727012048,0.13568938969271,0.121939752418717
"FICA",0.146096391973144,0.103014057810909,0.0297052154195011
"FIRE4",0.131918148931108,0.202485070047592,0.261502847931999
"FR",0.216706980050952,0.205107401504821,0.224031715524816
"FROX",0.0337757741884555,0.0195895718277824,0.00332496661343209
"JUCH",0.0938652440351452,0.0922643034536834,0.078951367781155
"JURE",0.113158520055181,0.107866939258134,0.106204842363475
"LIOR",0.00435125630546984,0.00287076540977298,0.00476117877276486
"PEAM",0.799002101107316,0.785776450545516,0.75
"PIAB",0.129952417548305,0.237406995436827,0.447040885996355
"PIRA",0.0128738592210637,0.0177047431380702,0.0250858938039614
"PITH",0.0270217154195107,0.00766400655994417,0.000824690400775932
"PITO2",0.00127448817263813,0.000896180255367168,0.00133165543330673
"PLAC",0.512811332955835,0.384372141974548,0.304707683887392
"PLRA",0.0393586439104905,0.0432305288194342,0.0758668407195296
"PO",0.267687080847402,0.301232657368731,0.306781333395628
"POFR",0.0540301256261817,0.0545084363785753,0.0459795474812464
"PONI",0.0657551711879068,0.0493226797349991,0.0567307393084754
"PRAR",0.00653478855681471,0.00246335173777814,0.00150986713785931
"PRBL",0.00341298344421361,0.00182690755862285,0.000828942884852297
"PRCA",0.0268385396608774,0.0656603426228332,0.0786617348047971
"PRDO",0.00310263331603237,0.00446505631136781,0.000881834215167549
"PRIL",0.0014380818724612,0.000147584804045349,3.93174490839035e-05
"PRLA",0.000551489526592456,0.000106205541716778,0
"PRLY",0.00196671749764636,0.00778252342157072,0.00617283950617284
"PRSE2",0.0647948495614023,0.0751368016584744,0.0451030654521637
"QU",0.0583627381818169,0.0433161380212414,0.0444876153806192
"QUCO",0.0133683786333496,0.0115489347362497,0.00741455163016857
"QULO",0.0102613034165085,0.0179437081214953,0.0261291800053673
"QURU",0.203874430164819,0.198609443169702,0.179179438323261
"QUSH",0.00393470857590071,0.00114054313788662,0.000700520576920207
"QUSU",0.00474447423675418,0.00698765135750107,0.0120479732735746
"QUVI",0.0714901120957545,0.0761294140547795,0.0730494496871768
"SABA",0.147104693753173,0.147065900764962,0.181172846890842
"ULPU",0.255052215435042,0.386373457230424,0.420805155433407
"AC",0.0771878172481145,0.0305980276224696,0.0244584171453269
"ACFR",0.0432015194416573,0.00533137170918854,0.00181468373703827
"ACPL",0.216661119015048,0.251245236333019,0.119975628732954
"ACRU",0.264465074770074,0.166167226218305,0.113483431692269
"ACSA2",0.0798530063126545,0.0994148798674627,0.0951063797392609
"ARMA2",0.284011723432082,0.159337292609351,0.166666666666667
"BE",0.160138312075944,0.156725177866342,0.139105339105339
"CO1",0.479655595658162,0.442424242424242,0.435897435897436
"FRAM",0.177801286058222,0.148865679530488,0.162336941257834
"FRHO",0.00089544752009059,0.00206633644531162,0.000867768866143632
"FRPE",0.462201535984332,0.503854247891858,0.478672546403815
"GLTR",0.992002601482106,0.991740280879221,0.991803278688525
"JUCA1",0.00852029839861502,0.010838445807771,0.00446428571428571
"JUHI",0.0368820202005159,0.0401000415020815,0.0570991085201105
"MA2",0.712287101366106,0.720151672803807,0.68192220045447
"MASO",0.136158960674251,0.126275669011001,0.0926944833242179
"PRDU",0.00327964221370435,0.0142940040325663,0.0279266224064526
"PRLU",6.58322998316075e-05,8.63677192012714e-06,0
"QUCE",1.63183080541397e-05,4.87325184355008e-05,7.19437399953237e-05
"QUCH",0.000223033580125818,7.88411269502349e-05,3.30428911093073e-05
"QUDO",0.00107217323441377,0.000758643562450656,0.00152464320994515
"QUKE",0.000230928491382482,8.85039830048222e-06,0.000104063574562181
"QUPA",0.110848675227084,0.241854658380222,0.240403407695569
"QUWI",0.000946602329992431,0.00165057023995857,0.00178058930160014
"SAMA",0.0666571104687973,0.0698960121359189,0.0292124566580762
"TICO",0.346600285377801,0.298809040114767,0.185285921242299
"ULS",0.271774017330063,0.133298642213044,0.127403917130646
"ACGR",0.00121538141419888,5.93332685644809e-06,2.06231490723707e-06
"AEFL",0.0196182954324818,0.00323909260262635,0.010211027910143
"ARME",0.106212955481622,0.154017857142857,0.5
"BENI",0.315703572407653,0.276601642951199,0.447438672438672
"CIAU",0.0138419983338222,0.00357142857142857,0
"CILI",0.220755616055837,0.143743399457685,0
"CIRE3",0.0181918403833659,0.00952380952380951,0
"CISI",0.224669062196081,0.331439750725465,0.25
"CISP",0.486004334820117,0.402380952380952,0.75
"COCO1",0.714285714285714,0.8,1
"CR",0.660711194494563,0.642346115093852,0.717391304347826
"CULE",0.000228155550100359,0.000516222285316057,0.00104166666666667
"CUSA",9.01477521657998e-06,0,0
"CUSE",0.582122568468356,0.609411365608277,0.416179946258272
"EUGU",6.66703705761432e-05,0.000382270291174199,4.81000481000481e-05
"EUMA26",4.37101145205e-05,0,0
"EURU",0.0446629183247178,0.0352356364789878,0.0186869547714612
"ILVO",0.0331487496869929,0.0148809523809524,0
"JU1",0.254762639596421,0.273665010149989,0.203032192698142
"JUNI",0.51673770319058,0.528332799553736,0.582360099454593
"MAPU",0.0984557738261469,0.112257869277767,0.164879784419015
"MAST",0.058698839611917,0.0314959090650016,0.0237373737373737
"PE18",0.0149068322981366,0.0398351648351648,0.0416666666666667
"PIGL1",0.0850237865417804,0.0566348736346127,0.0389798955367921
"PINI",0.137927844011476,0.171863030878748,0.105845216243931
"PIPO",0.0936415659410724,0.104840374772308,0.0840996664622881
"PIPU",0.505756320455176,0.458536060892904,0.324754308762524
"POAL",0.0489416398032968,0.0716688158550199,0.0770057515788758
"POBA",0.015185354039626,0.00924245114895892,0.00372018435439714
"PRAV",0.00424366734356978,0.00681847750504465,0.0217478280749886
"PRMU2",0.000162099563485827,0.000122037994528134,0.000166833500166833
"PRPE2",0.0116697925240625,0.00639276353646939,0.0022148829650599
"PRPEN2",2.61327736810287e-05,0,0
"PRVI",0.18036628419856,0.0901857234316046,0.0516068979031942
"PSME",1,1,1
"QUFU",4.17724030619172e-06,0,0
"QUMA1",0.187416213062694,0.0963463587560434,0.105825867673781
"QUPH",0.0153713258125335,0.0132845329054407,0.013283320278895
"QURO",0.0212719770549143,0.0241236970851955,0.00733419902568992
"SAAL4",0.0300064045438223,0.0424535020339396,0.0499470308493545
"SAGO",5.77100646352724e-05,0.00144648023143684,0
"SALA3",0.0130406249124966,0.0220198123958973,0.0133757961783439
"SO",0.534764418532145,0.527894715233764,0.476170568561873
"ULAM",0.240919000357346,0.298048051044966,0.338804199553249
"ACBA2",0.150040036993991,0.088059322328523,0.00129032258064516
"ACFA",0.064286266121894,0.00653594771241829,0
"ACST",0.0413772553785852,0.0465849179550974,0
"CIPA",0.035712794213262,0.109340659340659,0
"CUAR",0.075603463967268,0.0355606008562672,0.000520833333333334
"EUTO11",0.0172171638199272,0.000427571609690401,0.0043547042227781
"FIEL",0.0605379990758135,0.0271969956170834,0.0294388655289362
"FIMAmja",0.00291094732892405,0.0157071861378499,0.0141557597697949
"FIRU",0.019792891521816,0.0190878439576935,0.0249012414592704
"LIFO",0.000947548503193571,0.00581473083465116,0.00459229151859749
"MAFL80",0.0383438373661891,0.0275083190910256,0.0311173974540311
"MASY2",0.0250731781851854,0.0108879992520461,0.027276640707549
"PICO2",0.000189678779280908,0.000234899670163363,2.5237507892457e-05
"PIMUmja",0.000174594784201577,8.73490864560256e-05,7.34182047780568e-06
"PIPA4",3.95614856574161e-05,0.000114297312812145,2.68983511310757e-05
"PISA",0.00119926898788498,0.00141635702405274,0.00243688306643327
"QUDU",0.000105448833877359,0.000331055311404953,0
"SALA1",0.0187081965595053,0.0181947697111632,0.0382165605095541
"TIAM",0.411482769025549,0.490637713679026,0.593914165272329
"ACRE2",0.00793650793650794,0,0
"EUCA",0.00127311712677566,0.0003756814257289,7.91891035793475e-05
"FI1",0.148237315708809,0.152895843299642,0.196492309749124
"ACBU",0.00803543122891843,0.00373365167699162,0.0012916477199316
"ACDE",0.035964671151805,0.0567281858542891,0.00645161290322581
"CUGL9",0.0159030385462584,0.025185501572849,0.0354663514254386
"EUCI",0.035035213307006,0.0104288635136325,0.0200560821113763
"EURO",0.0199315598434093,0.0312866813911009,0.0173106124191079
"EUVI",0.00244877989264806,0.00332440534595677,0.0161904599657612
"ILAL",0.0857309833540382,0.0277777777777778,0
"PIBR2",0.00424857993031579,0.00371671119825355,0.00350564546506068
"QUEN",0.000211503122084796,9.6654679359231e-05,1.51646118617594e-05
"ACSA",0.00817682851150653,0,0
"CUGU",0.00366300366300366,0,0.000548245614035087
"EUCL",0.00527690559418465,0.0133184670533572,0.0332204964200081
"EUMA23",0.00780618905215574,0.00987804334842739,0.0110922866500714
"LI9",0.0191995917765638,0.018746863063075,0.025
"PL3",0.194632876471016,0.234476106057543,0.231327357666724
"PODE",0.197772782475114,0.346506397131684,0.415274933338893
"POTR2",0.0207962346512001,0.0312019441388271,0.0342888895340183
"AB",0.296624267268418,0.300843214756258,0.230414746543779
"ACGR3",0.000459439599079285,1.11948116699006e-05,9.74032298911031e-06
"ACTR",0.00194746777115672,0.00021801708397374,9.05003006839381e-05
"AECA",0.0623029839232666,0.0235073203534469,0.0117994100294985
"AEHI",0.3867452925325,0.581428283841882,0.766022592820159
"CADE",0.369012345679012,0.371541950113379,0.511111111111111
"CHLA2",0.206313151507169,0.366162143213472,0.475300442757748
"CHNO",0.0507494081865315,0.0292114155709458,0.0315060791341626
"COFL",0.293984389356443,0.362947658402204,0.333333333333333
"FASY",0.493819939199565,0.32996978020386,0.195591365537275
"ILSP",0.249344018594306,0.396289281705948,0.214285714285714
"MA1",0.35340254886759,0.234650403740336,0.173662003109038
"MAPO",1,1,1
"MATS",0.115067305513003,0.120367608127034,0.0801292649919016
"MORU",0.112988744971913,0.104323676281835,0.131194409343478
"OSVI",0.829667644183773,0.875,0.875
"PI1",0.235905381787124,0.203578851622498,0.125075464801107
"PISY",0.122643743166973,0.113421537747709,0.0529798882586864
"PRSA",0.00443123856104219,0.00447631296600849,0.00485008818342152
"QUAC",0.00816277683511681,0.00110969281903504,0.000165719724536337
"QUAL",0.0272086686721195,0.0511526159225133,0.0797489513657795
"QUIM",0.0117127399913828,0.00482111642905547,0.00551223016632017
"QULA1",0.000101877716360489,0.00013874449667433,4.08157985256088e-05
"QUNI",0.00559433247773386,0.00400797664792774,0.00252559334825199
"QUVE",0.0130743681894325,0.0146106576562858,0.0199474907102845
"TA",0.760470519526687,0.680555555555556,0.7
"TI",0.19259992216776,0.183722850107288,0.194239813038279
"ULPR",0.00238025274371448,0.000692559691369204,0.00296052264953565
"EUGLCO",0.000125078173858662,0.000386239654459285,0.00059246586192694
"EUGR",0.00508122358215784,0.0050124897128897,0.0115589360379591
"EUMI2",0.000510028334907495,0,0.00324675324675325
"EUPU2",0.0102239072744952,0.000300854987895834,0.000386392410266528
"JUCA2",0.0111053567399098,0.0125777107892394,0.0127346035823878
"JUSC",0.126280258441337,0.0869202650478188,0.101864415979158
"POCA2",0.00872887424497823,0.0143715421731822,0.00825085549637221
"CROX",0.00756699373452022,0.00467508181393174,0
"FREX",0.00199118091176643,0.00304136691477233,0.00276606571161441
"FRLA",0.00395342740987767,0.00409919974055295,0.00548812804748781
"MAVI",0.0325246295886716,0.020515306824366,0
"POGR",0.0255452953375555,0.0212390631214541,0.00760189581225256
"SANI",0.0620125117620867,0.0883927822063325,0.087553423222213
"MO",0.459520392736621,0.452477622791315,0.442922276417998
"POBAB2",0.00315706393054459,0.00244173140954495,0.000141302811925957
"ACCU4",0.00694621282856576,0,0
"AR4",0.0181414713379058,0.00223214285714286,0
"TIEU2",0.00465944187973164,0.000514874770354349,0.000107194923248435
"FILY",0.0141985512246704,0.00121908666212464,0.00531600216639586
"FOJA",0.000717149880877267,0,0
"JUOC",0.00268900406660429,0.00702965235173824,0.0104166666666667
"PRCA2",0.00122621352117974,0.000789932447156244,0
"ACMA",0.00293521181506122,0.00408714040002694,0.0130291859539641
"CRLA80",0.0336360478703555,0.0978723028810467,0.0492753623188406
"QULA2",0.0184193370978869,0.0245097111331052,0.0330171088821971
"CA4",0.28,0.261904761904762,0.266666666666667
"EUDE",0.0373106667276804,0.0241194663712321,0
"EULE2",0.0007128096552082,0.000911588616304302,0.000553948421247
"FIMAAL",0.000415374007011645,0.00046882325363338,0
"FIMINI",0.0111313385404732,0.00112984612159076,0
"ABCO",0.281767177622509,0.383631369505661,0.471294162826421
"ACCA",0.00794778357032091,0.000784765744085484,0.000158238879307366
"ACCI",0.001322437899112,0.000200619944179878,0.000396565099263786
"ACNEC2",7.14285714285714e-06,0,0
"AEGL",0.35876361487613,0.302240378323003,0.178714086429794
"AMCA",0.0915498266519198,0.108333333333333,0.15
"AMLA",0.132220435074222,0.0666666666666667,0.2
"BEPL2",0.00468337560008218,0.00117917185554172,0.000777000777000777
"CAMO",0.296666666666667,0.34047619047619,0.2
"COKO",0.0887634472907025,0.104820936639118,0
"JUOS",0.000341376453788632,0.000575344138204683,0
"MAKO",0.0103773510957459,0.000856535692601267,0
"PEBO",0.177302907482614,0.172347568292788,0.208333333333333
"PIDE",0.000305386531987725,0.000134412058694908,0.000889034931588122
"PIED",0.00316486746807354,0.00241769745801051,0.00448327300299128
"QUBI",0.0902111679504612,0.0269804670159497,0.0154938321115853
"QUGA2",0.00192098222979968,0.00382317773402993,0.00432776118688134
"QUMU",0.00997469044919243,0.00213548208117302,0.000301305962100626
"QUNU",0.00061914236521941,6.00160860385904e-05,8.75640083779993e-05
"TITO",0.0366013141062826,0.0168338217045045,0.0139864276655141
"ULWI",0.00884755844819445,0.0013681406895984,3.005999975952e-06
"BEPA",0.210006050396447,0.242507020212491,0.179789038122371
"EUWO3",0,0.000860585197934595,0
"PIJE2",2.54692713241475e-05,7.56658595641646e-05,0
"PRYE",0.011094012920184,0.00906665524310844,0.00712970436134278
"AE",0.105913566795254,0.0537022889964066,0.0176991150442478
"BELE",0.0106684592492302,0.0397324120912257,0.0101010101010101
"SADI",0.045120611008258,0.0233926287640972,0.000313190795104027
"ABPI",0,0,0.0161290322580645
"ABPR",0.0125841834371846,0.0139268649622254,0.0423387096774194
"ACPS",0.00139275118285846,0.00158300522533869,0.00127570300200823
"CH",0.15925848877794,0.114837398373984,0.142857142857143
"FA",0.180960244835625,0.177932636469222,0.219607843137255
"ABGR",0.0246245098204858,0.0294384057971015,0.0665002560163851
"ILCO2",0.0585262395483609,0.00988512245822188,0
"PICO",0.0100209930020458,0.0084958290408811,0.00621019510888437
"PIST",0.239146606897714,0.224921503997378,0.327389625860587
"LITHO",0.25,0,0
"EUPL7",0.00240740530367577,0,0
"LIDE",0.75,1,1
"PIPI6",4.5809447882262e-05,8.47457627118644e-05,0
"TABA",0.119337706966573,0.166666666666667,0.2
"FRBE",1.38306691867469e-05,1.34517622590236e-05,3.12834015485283e-06
"PRAM",0.0027668889455612,0.00134311898315704,0.00174287957548192
"QURU4",3.5478480527636e-06,0,0
"EUER",0.00307740753463873,0.000593924995757678,0.00025974025974026
"BEUT2",0.00219527693227983,0.00143572181243414,0
"CRLA",0.0165777758027513,0.0169286306410052,0
"EULO9",0,9.33968431867002e-05,0
"EUCR",4.37101145205e-05,1.46237684797063e-05,0
"EUPA",0.00024390243902439,5.90184390465993e-05,6.1549824583e-05
"PIAT",9.99077974305981e-05,6.68504196149415e-05,0
"PLMEmja",0.000421381433643426,1.04493207941484e-05,0
"ULCR",3.87827846207051e-05,0.000199052556174202,0.000127420998980632
"CHPI",0.200750089831118,0.1467982387713,0.167127496159754
"ILAQ",0.033075353645587,0.0520833333333333,0.142857142857143
"PLOR",5.99512806231307e-05,4.85915794628969e-05,5.40160967968454e-05
"JUVI",0.37017425874057,0.425759762868997,0.405516860249069
"ACOB",0.000971177944862155,0.000446845814316803,0
"FIWA",3.882741215298e-05,0,0
"MONI",0.000419031247453968,0,0
"SAPE12",0.00328947368421053,0.00988428158148505,0.0191082802547771
"ACBE",0.0088702147525677,0.0117647058823529,0
"ACPE8",0.000466853408029879,0,0
"EUTE",0.00114737203710065,0.00223973194941229,0.000319665056105087
"FIRE3",0.00265205091937765,0.00239479986315429,0.00267758853478343
"PIEC",0.00194633116189179,0.00460263128336047,0.00199413762649978
"ACAN",0,5.04057664196784e-05,0
"PIFL",0.00478551993352575,0.000125493205360698,2.49823042011908e-05
"ACDE2",0.000114194358798675,0,0
"ACNI",0.00185327885308318,0.00349408958913659,0.00299148282474372
"CASA2",0.0209876543209877,0.00226757369614512,0
"CHFU",8.6641348139377e-06,0,0
"CHOB",0.165224408187795,0.0461091753774681,0
"CI4",0.0143604108309991,0.0165886026541764,0.00029603315571344
"ELAN",0.887441287441287,0.974025974025974,1
"ELPU",0.0113960113960114,0,0
"EUME",0.000262260687123,0.000127109795625607,0.000334098619059042
"EUPA26",0.00109210047324354,0.00168592458571487,0.000519420788840556
"EUSA",0,0,8.56663125792413e-06
"EUSP",0.0488796351378148,0.000141327774440872,3.95945517896738e-05
"FROR",1.47118791186588e-05,9.26061876686166e-06,0
"ILGL",0.00233100233100233,0,0.0714285714285714
"PIMU",0.02069132932242,0.0075760506714127,0.0132985136829074
"PRMA2",1.93563622427056e-07,0,0
"PRSA3",7.92747371107387e-06,0,3.93174490839035e-05
"PRSE1",0.0830497469202017,0.295063072966602,0.477016044836858
"PRSU",0.0119451212559955,0.00508745518573693,0.00271602567749521
"COST",0.0138843347353986,0.0181818181818182,0
"EUPA20",0,0.000179823772702752,0
"EUCO3",0,3.53319436102179e-05,0.000158378207158695
"FIAU3",0.000260552371026576,0,0
"PIRO",4.83807509226958e-05,0.000358128913870141,3.97322049387131e-05
"QUTO",8.66028151327593e-05,0,0
"SAMA3",1,1,1
"ACJA2",6.01890108544237e-05,0,0
"EULA17",0.000364033491081179,0,0
"PIEN",0.0149933049009446,0.0233257705827971,0.0345010592722441
"EUAM81",2.86270468338487e-05,3.37248223123424e-05,6.94492673102299e-05
"EUBR2",0,0,6.94492673102299e-05
"EUDA3",0,0,6.94492673102299e-05
"EUOD",0.000286270468338487,8.43120557808561e-05,6.94492673102299e-05
"QUCI",4.1368917636152e-05,2.99931013322975e-05,8.76915643042773e-06
"BEPO",0.0466094321423533,0.0254282305224086,0.045631067961165
"TSCA",0.72967526798172,0.775286596119929,0.673913043478261
"SAAL",1,1,1
"AMAR",0.147885676046466,0.2,0.25
"BEAL",0.00368695888532609,0.003022392977961,0.0137205387205387
"COAL",0.0273453054753581,0.00606060606060605,0
"ILAT",0.140732183631103,0.103039655817434,0.142857142857143
"ILOP",0.289838570730339,0.355910398892855,0.357142857142857
"PITA",0.015742177154206,0.0158739098372217,0.0212905191146922
"QUEL",0.0143300899403794,0.018013537622745,0.0215163541456256
"SOAU",0.247892344289385,0.287119219633112,0.387959866220736
"QUST",0.00176277386416463,0.00110172656239531,0.00237272373632131
"ACPE",1.33096842667869e-05,3.79937396334133e-05,1.97589409207666e-05
"AEPA",0.0181561979303381,0,0
"ELUM",0.0883421883421883,0.012987012987013,0
"FAGR",0.32521981596481,0.492097583326918,0.58480079132547
"LADE",0.192547306225549,0.290979853479854,0.444444444444444
"MAAC",0.0176856012869646,0.0224913065077,0.0494505494505494
"PIBA",0.00592236977022201,0.00279960796233322,0.00126646403242148
"PIMA",0.0125960974400419,0.00802650774541506,0.00402879728966686
"PIVI",0.00941938534676965,0.00573736600012572,0.00353054325727109
"QUFA",0.00100246125950071,0.00274885902366073,0.00394407964043383
"QUHE2",8.69777958029038e-05,0.000251509848716408,0.00015296694911008
"QULY",0.000875264163042792,6.50778556995127e-05,3.91762529800166e-05
"QUMA2",0.00139433814465358,0.00164309214504242,0.000858026672168529
"QUMI",0.000109431159039099,5.05803553081536e-05,3.14729183010149e-05
"QUPR",0.00290612513672935,0.00353256849104662,0.00187595216620782
"ULRU",0.00690477338982946,0.0148581714730405,0.0135919126182835
"AM",0.621637207427265,0.625,0.4
"CAPU",0.0333333333333333,0.0238095238095238,0.0222222222222222
"CHTH",0.143461007591442,0.247222222222222,0.113445378151261
"CONU2",0.0111845740314629,0.0363636363636364,0.0769230769230769
"CRVI",0.0404247286908671,0.0123745819397993,0.00483091787439613
"FRNI",0.00458024739560348,0.000865649856031378,0.000721045661995329
"PIGL2",2.51509054325956e-05,3.36195361284567e-05,5.68133397721784e-05
"PIRI",0.00100242982104285,0.00460144219050691,0.000198846689202625
"PIRU",0.000991215849346665,0.00016025641025641,0.000909090909090909
"PIRE",0.0437515395626111,0.0437116557549753,0.00922795930574973
"ULAL",0.0102201162465075,0.00307405644516521,0.000625276253517179
"PIPA",0.0107065887477234,0.0121450980314864,0.019932493340748
"ULTH",0.000872452740051208,0.000761887582489225,0.000618010048930405
"COMA",0.0792953724350565,0.0287878787878788,0.153846153846154
"SACA4",0.00345029042958072,0,0
"TABR",0.0220405261286882,0.0138888888888889,0.1
"ILCA",0.0995805907859627,0.0388708513708514,0.0714285714285714
"PRPA",0.00107131380247346,1.72735438402543e-05,0.000440917107583774
"PRTO",2.2080674826503e-05,0,0
"ACBA",4.87012987012988e-06,6.80494942905637e-05,6.98548416390741e-06
"JUCO1",0.00629795645598421,0.00649040802415036,0.00892857142857143
"ABBI",0,0.00197628458498024,0
"CRCR",0.111674015431794,0.112818707315524,0.0454545454545455
"JUCI",0.0673537602173934,0.0374574987468196,0.0385691533812921
"LALA",0.285770855650374,0.278044871794872,0.166666666666667
"POTR1",0.275716059145131,0.0808752244705723,0.0251477498788197
"PRGL",5.29918896325809e-05,0,0
"ABBA",0.293608069315082,0.191311224132585,0.0906298003072197
"ABFR",0.0539952584081717,0.0178571428571429,0.0161290322580645
"ACTA",0.00794522008201353,5.37944250302587e-05,0.000455215821718273
"CORA",0.00523401171196476,0.000413223140495867,0
"PRPE1",0.00266044881126827,0.0018009768009768,0.00246913580246914
"QUAC3",0.000389437194107119,4.84770921501045e-07,3.8160947612651e-06
"QUBI2",0.00118053752529272,0,0
"CODR",0.000652969305451575,0,0
"FRQU",0.000979405410850716,0.000749389148894333,0.00108335814507126
"ULGL",0.00185057836756247,5.90541881230217e-06,4.46800905516502e-05
"FRMA",0.00118411563155891,2.31956019603001e-05,0
"PIOM",0.00330838279879049,0.00179095552810998,9.46969696969695e-05
"AMAL",0.000998814965295411,0,0
"JUHO2",0.000219853749462314,0,0
"JUSQ2",2.86765760168237e-05,0,0
"PRCERmj",0.00131474646308535,0.000572917249847907,0
"PRNI",0.000534449638625052,0,0
"PRPUB",3.99249411107119e-05,0,0
"SAAM",0.00283413375151099,0.00345112606942155,0.00566616370005386
"SABE",0.000924570276848191,0.000241080038572806,0
"SOAM",0.124103476558572,0.113557493704553,0.135869565217391
"TACA",0.0189784442361762,0.0208333333333333,0
"TACU",0.0791728031418753,0.0972222222222222,0
"TAME2",0,0.0208333333333333,0
"LA10",0.436399532430716,0.332417582417582,0.333333333333333
"MAPUEL",7.54318473259409e-05,0,0
"TS",0.189773846225459,0.134299516908213,0.118181818181818
"OS4",0.170332355816227,0.125,0.125
"PRMA",0.0110933085509186,0.0106898870774502,0.0111111111111111
"QUSC2",0.000657153442904687,2.84716945288753e-05,0
"ULHO",0.000294026331287576,0.000531887899252543,3.52858151023289e-06
"CO39",0.243956043956044,0.2,0
"LAKA2",0.0140562248995984,0.00240384615384615,0
"MATR7",0.000654769184002223,0.000114129194247889,0
"PRCI",0.00191220621279048,0.000944287063267232,0
"AEAR5",0.00229145910963239,0,0
"MABA2",2.63247722249084e-06,0,0
"MAHU2",8.77492407496945e-07,0,0
"MAMA37",0.00357306823783945,0.000136690607431115,0
"MASA9",0.000276514364724521,5.52924046666789e-05,0
"PYIO",0.000217564669119414,0.000156658900520254,0.0014088365358275
"TIMOmja",3.57064803884938e-05,0,0
"GLAQ",1.37734849510778e-05,4.07644051914866e-05,0
"CRAM12",0.000920927357023371,0.0020478890989288,0.00197628458498024
"PIAR",0.000700366727178306,0.000340087866191422,0.000131334146621705
"POAC5",0.00313551643537126,0.00321235626073327,0.00429133378898199
"POSA",0.00541133245684045,0.00922458844734259,0.0102931524494135
"POTR10",0.00336195934353292,7.81657692411825e-05,0
"QUGA",9.54063008476948e-05,0.00014306256245278,0.000339012695701557
"ABLA",0.0325802830859294,0.058874518436984,0.0343061955965182
"ACGL",0.00109410471352829,0.000101544540945519,2.23084816847365e-05
"BEOC",0.000349662153516836,9.01225666906993e-05,0.000893286607572322
"CRMO1",0.00646942185236375,0.0301891974859839,0.0322793148880105
"JUMO",7.36040034606322e-05,6.40966944419009e-05,0
"PILE2",8.01646292102728e-05,2.01200766172518e-06,0
"PIMO3",0.000948101242590903,0.00125842282063137,0.00378718227741836
"PIST2",4.03207719214999e-05,7.04202681603811e-06,0.000213587447630001
"POAN",0.00470494336112636,0.00478707846684787,0.00447878118599455
"PRPU1",0.000130787811068184,3.35912394047632e-05,0
"QUPA4",2.12292274662896e-06,7.68108149627468e-06,0
"SAFR",0.0231834846368715,0.0208554890678156,0.0500513080788138
"ULDA",0.000116214480732439,0,0
"CRMO",0.00472420855534946,0.000315059861373661,0
"CRDO",0.00558777176642743,0.0157134790354393,0.0376811594202899
"JUOX2",1.36328005180464e-05,0,0
"PIBU",2.11250581999292e-05,7.64623422964191e-05,0
"PICE2",0.000262120941513329,0,0
"SOAR9",0.00459474885844749,0,0
"SOHY3",0.00465182648401827,0,0
"SOTH",0.000313926940639269,0,0
"PIBA2",3.1561920542865e-05,3.16215532506958e-05,0
"PRTR",0.00137570474733044,0,0.00617283950617284
"PIPA2",0.000129776933257094,0,0
"PYCO3",0.00189550523280434,0.00211954217888936,0
"SODE",0.0827660163276602,0.0595238095238095,0
"BEAL1",0,0.000778331257783313,0
"FRCA",0.00288890489804831,3.12043855603664e-05,0.00112359550561798
"TIPL",0.00324830619023303,0.00661355149389413,0.00287187914928141
"ACLE",4.63821892393321e-06,0,0
"ACSP",3.0921459492888e-06,2.13044274861202e-06,0
"TIPE",0,0.000266028198989093,0.000213128729752771
"MOMI",0.00337837837837838,0.00403225806451613,0.00571428571428571
"FRTE",0.00070107701686649,0.000814204293856329,0
"PREM",0.000148009671209487,0.000471205109707389,0
"QUIL",4.89650022646314e-05,0,0
"COOB",0.0417582417582418,0,0
"TSCA2",0,0.000345065562456867,0
"GL3",0.00307272106520997,0.00275482093663912,0.00411522633744856
"LI10",0.00449614616043391,0.00515463917525773,0.0072463768115942
"PRIN",0.0007879108249136,0.000177053824362606,0
"PRSP3",2.10243040955344e-05,0,0
"JUSI",0.0437144961056823,0.0716730561919454,0.124574829931973
"QUPA2",2.45056740907062e-05,1.07265968596318e-05,3.23513352005902e-05
"FRPR",5.82436014323346e-05,0.000405334561584815,0
"ILCR",0.00641025641025641,0,0
"QUMA3",5.0753125631242e-07,0,0
"TIEU",0.00477225477225477,0.00260211993117658,0.00575828157349896
"PIPU3",0,0.000151331719128329,0
"QUHU",1.76040841475222e-05,0,0
"MASP",0.00314016557236654,0.00546448087431694,0
"MATR",0.0011872683790642,0.0056300712038417,0
"PIWA3",6.21969840682425e-06,4.19533478771606e-06,0
"TIHE",0,0,0.0036231884057971
"EL1",0.0128205128205128,0.012987012987013,0
"MAIO",0.000262144340706984,0,0
"QUPA5",1.63144645674301e-06,4.11539569529611e-05,1.63393353158393e-05
"AETU",0.00017279968830947,0,0
"ULSE",0,0,7.6965704082261e-06
"AEPA2",2.0768000664576e-05,0,0.00080450522928399
"MASI80",1.27291242362525e-05,9.57212596917774e-05,0.000170706725844998
"MASP9",4.01972344302713e-06,0,0
"AMLA9",0.00570803983483119,0,0
"QUBE3",6.41891405709903e-06,2.69323996768113e-05,0
"ILVE",0.00128205128205128,0,0
"MAMA",2.60145681581686e-05,0,0
"QUSC",0,3.26328155593264e-06,0
"MAST2",0.000460829493087558,0,0
"TSHE",0.0399688987502608,0.0352254428341385,0.0772727272727273
"ABAM",0.00421625104221936,0,0.032258064516129
"PISI",0.0033835289301893,0.00170177689707822,0.00536395503500767
"PYFU",0.000557761626000132,0.00118248142611722,0.0033003300330033
"SASC",0.00109649122807017,0,0
"SOSI2",0.00091324200913242,0,0
"BEMA5",9.11120222313333e-06,5.18887505188877e-05,0
"LAOC",0.039900779588944,0.0769230769230769,0.0555555555555556
"SAPE",0.00611726685133887,0.00646279949558638,0
"TSME",0.0197341222430828,0.0211352657004831,0.1
"SAHO",0,0.00409836065573771,0
"MADE",0.000210378681626928,0,0
"LASI",0.0313253012048193,0.0192307692307692,0
"POMA2",0,2.96199757116199e-05,1.35495847052288e-05
"PIEL",0.0721028399376455,0.0743562838563336,0.0876275138599896
"PICL",0.000462110501327412,0.000337989986946131,0
"QUGE2",0.00192894998433013,0.00288796010259711,0.00205574274414655
"QUMY",0.000127784585876262,4.20245081763263e-05,0
"ACAU",0.0887125220458554,0.117647058823529,0.161290322580645
"CORYM3",0.00706033376123235,0.00985761226725082,0.00324675324675325
"CRMA",0.00444444444444444,0,0
"FIAU",0.0579575518413741,0.0902938924294515,0.11061825295206
"FIBE2",0.00620712913960762,0.00802668309080156,0.00398621494802541
"PEPA37",0.00878815911193339,0.00204081632653061,0
"PRAN",0.00208961358510423,8.09388911371915e-05,0
"QUCH2",2.46827419194102e-06,1.19497869950468e-06,0
"SACA3",0.000991679566563467,0.00409836065573771,0
"FIAL4",0.00156915498716832,0.00172324222957134,0.005249343832021
"FICI",0.00135832975581614,0.000732844770153232,0.000829426274266132
"CIVE2",0.0142857142857143,0.0163934426229508,0
"FIRA",0,0,0.00198412698412698
"PRUM",1.35361957875359e-05,0,0
"ACCO5",0.00793650793650794,0,0
"QUGE",1.20733431449369e-06,0,0
"QULA",0,2.35360572396913e-06,0
"ILDE",0,0.00126262626262626,0
"QUSI",1.28586353773206e-05,9.69541843002089e-07,0
"ACTO",0.0105820105820106,0,0
"CIGR",0.000107204116638079,0,0
"PYAN",0.00203665987780041,0.0029673590504451,0
"ABMA",0,0.00214097496706192,0
"CRCH",0,0.00151940158952782,0
"FRAN",0,0.000547103507775182,0.00055119779520882
"PIBR",0.00015871853099895,8.98553329140084e-05,0.00285714285714286
"PILA",0,6.68504196149415e-05,0.000213587447630001
"PIMO2",0.000185412818206165,6.68504196149415e-05,0.000213587447630001
"PRMAHmj",2.24483314238395e-05,6.40472964650819e-05,0.00019430245418946
"PRSERmj",2.16169117414751e-05,0,0
"SALA2",0.000247185883784606,0,0.00123585892195076
"SOSC2",0,0.0119047619047619,0
"CACH",1,NA,NA
