"V1","V2"
0.10002772628678,0.102318452250212
0.652340768741434,1.49670507586282
0.434703715136731,0.946172077342868
0.938869294081107,0.289325689262711
0.512346138171609,2.00849129196396
0.853396160900118,1.33999476410355
0.000144534884244204,1.71486038415367
0.85948536823526,0.781008925660048
0.560627287490983,0.174345660700928
0.305971517312797,1.62744901426556
0.401261588103361,0.318250425054226
0.0493790861740615,0.555208042232785
0.824178966704514,0.510255013830494
0.220326432213178,0.0115567547408864
0.0392272595874872,1.6788917738134
0.715164870267492,0.838384234200232
0.0677750497688446,1.86259625388542
0.385654451335073,1.95924817560567
0.60227158595155,0.0640673447698355
0.635818029582491,0.84707716885861
0.409867684545219,1.14912684556888
0.817548032692159,0.363546690621413
0.827142854970638,1.9398632890326
0.955157717215121,0.669687240005471
0.591585250459369,1.13970805685967
0.403487362377569,1.29410515137296
0.428250074846661,0.993202036848757
0.451888240800696,1.30917277940037
0.839314053022526,0.097356371960137
0.543338043860616,1.08047679286357
0.854631101122349,1.84160766166961
0.439667966475934,0.0296490358770825
0.919670352945095,1.00037383302907
0.714083907128302,1.34353543647658
0.573712844179002,1.65198681439925
0.5906241475318,1.70959016362205
0.818058103858717,1.86648647153517
0.0903004250612482,0.414990959828254
0.267523897924451,0.357532421176787
0.801796386018386,0.306767959674355
0.335021301492108,0.770258131969255
0.946473803126011,0.236138560704421
0.572544883246291,0.0304106902233325
0.181552238506721,0.385845425055828
0.707920800899845,1.02001314667566
0.247379427416474,1.92788936309097
0.944548338521961,1.99811578986468
0.972183525862396,0.429027020549402
0.432049558300283,1.57473983111093
0.570900470772283,1.43954138714215
0.445701264661029,1.60642681553168
0.773356643176395,0.932345736823976
0.480926701209964,0.473946188838687
0.0335149972711131,0.828435406941455
0.617966484496361,1.00565664238995
0.755836576269465,0.443288330325857
0.48959469575597,0.308207952758297
0.0713950449465681,1.02925318075344
0.135408142163875,1.63504649186833
0.717889032374825,1.76167029191833
0.456470746227065,1.80393630400952
0.50441609141509,1.89429877763148
0.645689825034458,0.108997407695744
0.076530878332667,1.99719558365038
0.710042003227621,0.983688217484858
0.777003987276684,0.593654074228834
0.631487138362359,0.0709822570043616
0.468772066876516,1.78999344342109
0.705167931679394,0.333118604786228
0.252266295299623,1.77442277518008
0.00220949437770993,1.39325737695303
0.528542060050871,0.248595166663639
0.840838398822574,1.00803129424388
0.706301012636852,0.649150853596162
0.202163752355138,0.412996789689641
0.546910994558586,0.37642804499669
0.503041705071917,2.00570192458294
0.205497242450705,0.835099279655609
0.35214785784482,0.698982059502974
0.14789209669129,0.482296141163446
0.68011086172563,0.53927073938353
0.171094079050692,0.782450431335252
0.433148607206522,0.675200283336453
0.168223108055759,1.53558281796752
0.423528691903213,1.58450299237063
0.162733588785389,1.66590902037872
0.169412365707327,0.366284968828317
0.207385600138446,1.3411297792634
0.251035294366991,0.24717351940088
0.184929880915666,0.432694955911487
0.790538841106221,1.33213804016169
0.12385651383711,1.95172022940312
0.957727910407809,0.435949836492073
0.435506390757617,1.94041353630461
0.030388626386635,1.59022363858437
0.858271225879425,1.18997644715756
0.460945460097156,0.286926314678974
0.486486838732604,0.88329833100317
0.782838392768512,0.575289534056559
0.870338254739987,1.71791382015543
0.0296196514468081,1.57089377360838
0.258757115719831,1.21913107726211
0.67762304335203,0.166207250912208
0.834490669402983,1.82319272535015
0.282112206648327,1.46484852838889
0.459231561125014,1.69143553791661
0.0613058695536945,1.20942788291257
0.537254494153652,0.809001000865363
0.00907780287437141,1.48601849018037
0.594080258471882,0.0915702835158445
0.00316826416085474,1.64422416901682
0.343960780262938,0.654544768545777
0.481529252219936,0.322574816307984
0.286578091237918,0.110765349924564
0.299365165132554,0.650747097274754
0.922050570907295,1.40513814792316
0.118689597589187,0.964549220567569
0.166441613976602,0.488348026792519
0.651260796746695,0.930506293716375
0.850861176632335,1.33199840668822
0.0893828620188776,0.950238495389465
0.304650558912884,1.63068278132007
0.931932004315536,0.0226834877291694
0.926722812794372,1.69338656608621
0.348520471802671,0.188823695017025
0.0272725633564312,1.35998950337619
0.950381185680851,1.15110511190817
0.257415443037394,1.26771671018843
0.551471739316117,0.351394606736954
0.492467332624821,1.29736117076967
0.96359914902946,0.659604190637823
0.80498781427647,0.441508665204514
0.245214469094984,1.20113071150053
0.883391550877355,1.7933334141057
0.973494709824202,1.23638016870106
0.466286077801595,0.205111497282051
0.242199111950342,0.666115574771073
0.500668178044017,1.00294860336417
0.703532242414998,0.637456753307953
0.812921440778756,0.745079223373905
0.588130372819249,0.660071739159059
0.475969382596891,1.33486468803091
0.249209153408641,1.29020688885171
0.411058900519032,0.300772689032834
0.735616881630374,1.09238170642219
0.021828116298411,1.94739342575846
0.739803153357459,0.569634624105413
0.675273784840237,0.924375416769646
0.727125420152899,1.22982388487132
0.562541589606544,0.210688020765781
0.609827468061578,1.71278140464099
0.966749484488498,0.503080905139446
0.269532708268836,1.5304962880942
0.808264234445048,0.14153139939392
0.00676453923083842,1.98121822952759
0.87939255834463,0.0259954573079012
0.490367922849013,1.40849150744826
0.979756775302803,0.996100081475452
0.408578469700636,1.88715378640033
0.888522219513766,1.90151436938718
0.844249635504084,0.737760623331647
0.233453139133742,0.479009711576626
0.0720488724710792,1.50005149847362
0.625539678913997,1.80701460546954
0.436230316095743,0.767167640858796
0.364873695035456,1.7786769768591
0.0120393767962139,0.716326562942471
0.0506651976359915,1.51335314194206
0.762901914946027,0.525056903592777
0.300681839510556,1.15727405631822
0.872494966739081,1.17051616612962
0.964494284956474,0.0547073286660016
0.014103871134799,1.81765816167509
0.825640218844628,0.608688118213322
0.584173079402409,1.85181049141241
0.603875976592293,0.836308385474142
0.149823001256902,1.07756129772449
0.975912652634541,0.614776227455586
0.749625617392352,1.11820858331537
0.473016829106715,0.832135858188849
0.51468043652432,0.868043493843637
0.0082943873873353,1.41945735340891
0.842488649665136,1.06198701288272
0.980979226350542,0.842112779622432
0.238712199685387,0.386225113646127
0.662278421686254,0.622062712653074
0.984410340118911,1.13196475116583
0.920286578160701,1.06498020613147
0.0858365737714246,1.3004703008309
0.991979574711518,1.19779787256196
0.204342515482092,1.04830038496945
0.702054966546586,1.83582526890421
0.414755741332881,1.94372762568109
0.822288568823822,1.15901792369643
0.193474433279121,1.6858301666975
0.826799861303288,1.52402111741714
0.593868011236181,1.22510370415356
0.970226082668397,0.807588777619414
0.443183697366845,0.0813409780981019
0.361781490364801,0.551981333922595
0.60594825672497,1.13699119500397
0.810903234792398,1.40088305548858
0.942824185359282,0.305916447208729
0.585059794164021,1.55549879505113
0.86680408019851,1.07565039582783
0.599478454122078,0.0261757782991044
0.747000743651986,0.533139664906543
0.457166534703681,0.381135608242825
0.761707131221648,1.66036441629613
0.721599908472728,1.76791648990195
0.561021833958095,0.296812541061547
0.628521513599195,0.153585610346403
0.131182672700137,0.989279699730687
0.152815768166436,1.39510927621415
0.777603900523847,0.404635046877433
0.280208667730903,0.275689878501929
0.314665082504964,1.26228393123019
0.679715755357165,1.9844345065956
0.167273045429252,0.346126875801478
0.857368689863468,0.134354848849587
0.800222681128411,1.48265569911618
0.917969722955478,1.98327195403539
0.601071777931638,0.664634290708695
0.607696572348,0.774651599931531
0.368478699016143,0.184791419106536
0.0664544815018214,1.90221981131146
0.225871961325631,0.227353088166565
0.389009283429934,1.93131642015604
0.0453738940264937,0.254217466744594
0.250764194173496,1.89732482209755
0.20105835438705,0.154283244264312
0.0416406003422942,0.100639936198946
0.549651593039734,0.860664012362715
0.536128633125443,1.86813194542704
0.534757753556352,0.291756746644154
0.934333274982162,1.97275019311626
0.259201467108671,0.595947431809735
0.748504941248791,0.53092304205196
0.678379597423356,1.94578022790374
0.309125497240098,0.942151672912296
0.260907901113145,1.26489224720001
0.805202380817374,0.96716438763123
0.170665434855958,1.37919025605358
0.23144242504145,1.9358355766898
0.890400902525047,0.50766496668756
0.62691832973714,1.40275325196655
0.0831263503413554,1.05028158733109
0.519845421736818,0.231351901086513
0.85621579014346,1.43649852580577
0.0282703189365473,0.269074260805733
0.68526671133562,1.96131771880481
0.541292981849508,0.156410191632342
0.725692855591178,0.529907686031423
0.79223177492734,0.730975673506968
0.412985118595641,0.0899139808104373
0.982774216155047,0.354977210026234
0.337367817930402,0.0760963658522815
0.0517715479938686,1.93626252305554
0.321346372240912,0.375510790668894
0.711660743158301,0.831441604891326
0.956541868600054,0.891056898297742
0.582125274915239,0.742827987172641
0.405463678739257,1.23436381904874
0.583359025684642,1.88256260366226
0.852147783196289,0.388989700188395
0.295742709387783,1.6699815779971
0.145743562267851,1.12186030911747
0.57125969980889,1.93260822046688
0.182195397752328,0.907377801629715
0.691500576470969,1.11489090885222
0.0589554897358082,1.18164850912988
0.040662302385075,0.150500793761574
0.548818599692071,0.572378960431553
0.734543087188611,1.66723390379921
0.780079555677008,0.904518142517656
0.577351716932831,1.28992526320554
0.430137124577295,1.30262850585161
0.464816824910687,1.8593212699173
0.237198558375696,1.78206884156354
0.31389637320674,1.83697148337588
0.253765971165141,0.0415310587910935
0.968224473633794,1.97879048437346
0.638784032026762,1.74456325098919
0.114147328506447,1.32908246713178
0.684114560530512,1.36737167171109
0.0752743208634108,1.91481206520321
0.722254961996097,1.9882536043576
0.401003727824651,0.881432235948741
0.30620483000203,1.76835992401093
0.0863685971540306,1.45155404515006
0.134475616256231,0.912429226370994
0.0873482603770588,1.90466160760447
0.640508899793252,1.8785800012229
0.630583242291808,0.79632523300359
0.540208262194637,1.74682867396064
0.00730690640512854,1.127502404931
0.471142656467846,1.1862297706278
0.365852623470118,1.59899602020113
0.992217687478512,1.08964114788687
0.426102720858986,1.98640329527901
0.186124753808361,1.4491551316171
0.728269399867384,0.515438889003359
0.976383951947084,0.984490894796792
0.903006875103563,0.540239248520229
0.663788203522088,1.79089812365966
0.425956892088046,1.86575051564304
0.256316706632022,1.11217811285332
0.771550418450488,0.520014736283571
0.813507991784476,0.487388956435956
0.74090305670443,0.760237264982425
0.0549317268396169,1.34723044001078
0.355822350399559,0.935622603986412
0.580724160031173,1.47487830669712
0.0470395114407782,1.37081510100421
0.559644094671579,0.601105818337761
0.639155390294725,1.80485090602236
0.0563081364522129,1.75551974931546
0.819777901872983,1.511736441541
0.985029109201385,1.681005824639
0.531974028766379,1.73944030773174
0.745886275644405,0.874540568809491
0.315638996461863,1.29896272220556
0.410668101246692,1.31788695404073
0.650778035289133,0.599749511775095
0.945553121852446,1.24968942627124
0.172322932467787,1.97194804061716
0.558125752935409,0.519718238261528
0.720630555875124,0.469071280269418
0.0917420208156016,0.548299608103931
0.877234382207496,0.020872805622872
0.606431046766918,1.38229179818882
0.742783603260284,0.400832747763954
0.935202384743364,0.536420400910079
0.396948379700528,1.1423948712945
0.887361684622001,0.938947908401489
0.484575610286314,0.802196955706459
0.829300875680745,1.68968199636228
0.657363934505023,1.41179768302385
0.764337383595286,1.84707880070806
0.733960400777394,1.46305760771409
0.759217773451693,0.628470993247349
0.510441231975555,1.49993072192185
0.915097645388208,1.74378135932796
0.0381374452561047,1.89399907764839
0.322397940045912,0.192645585196093
0.517277860561376,0.944128854204901
0.837517238356164,0.261282137815841
0.505329409037707,1.72836526515149
0.213311736238413,1.2312320825886
0.0558716120964289,0.267506569919176
0.754768451572619,0.373390441331081
0.215596643572664,1.62121167194238
0.589910377316866,0.978240909929853
0.0940772873719595,1.44253142358642
0.841289959729174,1.95279137859028
0.110277535434337,0.71490499623958
0.869457903428925,0.857319181394763
0.0882873020185996,1.10347030463396
0.909283096182151,1.24174877939839
0.791124284825046,1.72766168299597
0.136206772717172,0.358599397628568
0.501631165955206,1.42663913377887
0.156976245889431,0.678060970508959
0.684008437738977,1.58659555964265
0.506809221710535,1.42264402917959
0.458544864690155,1.99247319802037
0.30135044586122,1.09086256739637
0.491583695722502,0.042933065562509
0.692140287010455,1.57843233414739
0.48352548508741,0.826984519290272
0.373902095098272,1.5527342551467
0.325449105069032,1.41466694759391
0.327164327054741,0.955149931326974
0.469510518607441,0.710094543825369
0.587261901234034,1.55843313057255
0.328937416614722,0.393958628456574
0.203415650116969,0.630376504364423
0.0579704341355152,1.82482087192498
0.146205181530202,1.44539194558701
0.129592090761745,0.804112146766856
0.576880107349241,1.29379051121278
0.578087721878421,0.369759922973346
0.532036808060473,1.95405697660148
0.298670988302901,0.455135695805773
0.54571159947034,1.67367160372809
0.493456088118944,1.7861668325928
0.194114349227157,0.298116880084854
0.178365477078352,1.79728403506894
0.0807006752858777,1.60434946370451
0.689600604460565,0.127656330387574
0.0488213811709918,0.245455308061559
0.0934029016068578,0.691035756933037
0.76569714755564,0.183028415135574
0.75313812662567,0.792356623666827
0.284114765522061,1.82964598026872
0.283144737548884,1.7032243407038
0.996286424784679,0.753163697240409
0.240417120576128,0.253016800039448
0.923623843292929,0.195909001597669
0.595566790890871,0.586102380987257
0.0220665299727023,0.959503945515491
0.151199565140288,0.19638211930776
0.712164044299619,1.79878406145284
0.789401576856142,1.39885909801163
0.210771008190224,0.0593308154386468
0.107576463951953,0.208953977130819
0.767121981476424,1.65819124212349
0.422172205592496,0.605094053290784
0.130689874065332,0.243659355910029
0.133410053614751,0.113842233813833
0.320984704948021,0.0696170404790901
0.413612914726594,0.953363241098355
0.0999302048999723,1.55010891029099
0.73159706626622,0.652192537616007
0.949338383543761,0.239713695710525
0.951413896269621,0.0501699502500705
0.783189329789476,0.32410784846358
0.660642678750204,1.00612561131874
0.0269176757824514,0.897935579769779
0.141022937380699,0.799104469151236
0.816074692229731,1.50793391497387
0.616861450224873,0.137186630399432
0.217630984779904,0.976913789290003
0.794218021520171,1.88562200708501
0.00513086538318545,0.887211692119017
0.0638430192572903,1.57728337898524
0.737735300029851,0.490062545306049
0.189174357858012,1.43040908887889
0.293384914354878,0.962000724863727
0.622106604048973,0.596502135062125
0.612222901433697,0.162578874689527
0.374407964467527,1.2600700936066
0.637560292385276,0.973075659856666
0.621748019651268,0.565374309436418
0.316083157953797,1.71941712063691
0.900773295912184,1.1858378220275
0.108134572394649,1.71186463571014
0.296915761767179,0.259626139032189
0.157926846617125,0.159768001229968
0.0973286176696327,0.635671624427661
0.312398099378441,0.694708560653497
0.898795589915235,0.91018637065636
0.688749226532634,0.425688682077453
0.331819745083796,0.722044063810725
0.965912872657869,1.21455161256343
0.770569100039536,0.689270942613482
0.437261128589502,1.50304476009542
0.845995434475588,1.20471151167899
0.928033549600737,0.576331929629203
0.608327862160969,0.44425963850785
0.47459549152175,1.44035157072544
0.336155189589122,1.04658830310265
0.0792446524118911,1.3550940059144
0.208367572026318,1.10876702176267
0.988821850409023,0.642320279951207
0.345200293421503,1.27430680309841
0.848464100491246,0.86228446041327
0.453976280571651,1.85791309427004
0.380562121764747,1.25854432441248
0.0139898939088359,0.423591209438164
0.310381845229063,0.682005625030026
0.0329335728709027,0.343905435717199
0.563338728611814,1.61154844620405
0.195237503704606,0.191124657372478
0.15871819750079,0.9864827189059
0.351690411973037,0.241340146864764
0.227226920995619,1.31982774573425
0.0442096801411733,1.4125273706126
0.200287265404817,0.78738116804231
0.277681413990902,1.16133487901278
0.523655994480001,1.90767149776453
0.163017340186276,0.505290029374417
0.987909508948671,1.1993101545698
0.0696989163621236,0.873372159662191
0.12833269979571,0.590191962059122
0.525204154581288,1.05976302252058
0.669985367602427,1.28738694428513
0.659977159949709,1.53820736617828
0.795650994427726,1.72077002042206
0.89180066233593,1.46914534782898
0.64332012282311,0.119243019228335
0.596744393212246,0.49327544897981
0.0956332723528519,1.08574763982696
0.555430741015347,0.657000652146991
0.222362692296263,0.0939661766677164
0.415934532212783,1.3139033259768
0.441320113645392,1.73489899254683
0.907657458716296,1.14503230883181
0.878132819941025,0.471689805284608
0.431855206477447,0.758067565230653
0.697066812966941,0.42114632391138
0.371712623505378,0.948108653095551
0.0609749116815999,0.778883884064853
0.655539704339337,1.83949851102615
0.0746817987668235,1.81035802064184
0.876783048583185,0.547580076746643
0.881267229061332,0.865681783410255
0.119804063019799,0.313508177390322
0.454137287937794,0.124359374416992
0.936172548664957,0.0742785504362546
0.363458308787309,1.69730150532303
0.716386363696996,1.45850144769624
0.53990559321641,0.73856030392414
0.566188849082906,1.54889923174819
0.478294368803725,1.280363310894
0.26502756323711,1.7052239485099
0.334750658484399,0.508473196906503
0.674946973898206,1.64078498008428
0.19673364200023,0.321340744633693
0.986174271529531,1.16249365264131
0.627599556592749,1.05646620061342
0.303004593702955,1.73227092632232
0.496488847701103,1.83009822429297
0.743429892827514,0.956632199276239
0.0700671323898621,1.07137011383008
0.758720046617314,1.25159572545765
0.665058776482698,0.727569859511219
0.51349146346421,1.36339490509173
0.0963156740558241,0.795191760353744
0.370929190941844,1.34576938257832
0.835127541715503,1.66277598443301
0.831946473086011,0.222148407454602
0.851270599808535,1.20618021627655
0.488605678800019,0.523457865823992
0.290999180254051,1.86036023983359
0.183877769205477,1.09863821914466
0.518365531767243,1.61649787716474
0.4977585947737,1.55605929308198
0.495444377994388,0.105579768954311
0.860883034900753,1.96480381829059
0.342473120074244,0.517872738010716
0.0655615871073585,0.138785873178393
0.122600207134373,1.16584255692409
0.394546624132423,0.728517760284711
0.0157268162902817,0.056070974807255
0.372064849978304,0.68018151358841
0.176368934346586,0.382813231562264
0.226678301406316,1.92113587268488
0.447961982000144,0.466413856825791
0.438064215586279,1.85223846357549
0.815760613053329,0.73208056887798
0.154347686410174,0.746898585896939
0.0789472638864443,1.5672151985229
0.137086402323553,0.617090694709681
0.914935667481497,1.38060068853106
0.520132805524385,0.566561310814694
0.682743088597888,0.712743861637078
0.687543263835125,1.10598278536741
0.954535780369295,0.284355923339259
0.89559060951787,0.461308809706941
0.916900805547591,0.272611168417148
0.212771724847369,0.344238881342579
0.554015836399505,1.96699294793233
0.291884443088891,0.706181409556419
0.865960277081923,1.38420095010288
0.127960489354087,0.971294296844397
0.797533089385591,0.611246724379715
0.369054537710259,0.684972305964679
0.723773604370644,1.6544996815701
0.0811443566384166,0.852553547113203
0.832971801334517,0.328061577436514
0.356909011805886,0.171394629791379
0.511645058754124,0.613596610532142
0.751041647970201,1.69865188823966
0.377791635399209,1.56527705591219
0.597037185329236,1.30598913282249
0.654722942983489,0.330679027759936
0.011233138238769,1.67510066005634
0.450747978076097,1.87183465883508
0.140712498611761,1.12350194875663
0.288249351917058,1.1470770844738
0.50808365248166,1.53307378284913
0.811958404856957,1.91213990204548
0.115521597378645,1.30735698134312
0.904210049423845,1.78054815794202
0.477257461134568,1.50518650287483
0.279552908647098,1.21637159202155
0.642873053302281,1.75907519200165
0.667212819829574,0.535957499161828
0.912152215577187,0.627553176317364
0.248265161090987,0.639680061146151
0.670144581339313,1.09763569378713
0.470995578846652,0.0170213049673475
0.487908311556084,1.055767950546
0.465552747114785,1.683791010872
0.961208254724499,0.844504146949388
0.738426729771299,1.49197890652111
0.307453208103767,1.03351040267246
0.901374306767937,0.396677339218091
0.544464019199824,1.63943539943732
0.367171128485575,0.427100899457466
0.698466255708588,0.92270059486432
0.197978338791514,1.46189659112692
0.17502599730528,1.24522482716804
0.0107551711350586,1.46662982771033
0.768911992382249,0.501716762720142
0.623418943234011,0.994169884867035
0.440136300463453,1.5431626086263
0.0535506168352347,1.62837131163944
0.11671182613004,0.645572361485567
0.855355827685436,0.0135354874976911
0.0196046202855557,0.034018403054215
0.700484765562452,0.941718006209936
0.632153245059764,1.06731248871051
0.263145469294619,1.78437611691561
0.102891807089783,0.0539035419039428
0.565833065913282,1.67021999800205
0.144931153042698,0.168925651758909
0.126849031289564,0.311136117090005
0.757767825097535,1.17401325719105
0.479389472433124,1.67647989219846
0.868977323600315,0.697037819381803
0.990258554801801,1.03447414071625
0.349959919499923,0.11418757025525
0.97767975153191,0.082545419185888
0.83031931216199,0.370926513231359
0.910897792198686,1.03854487605439
0.90811497901449,1.96328095802059
0.86251638711662,0.73593969818484
0.37927121876156,0.474991703988053
0.153538922920581,1.01003952130675
0.846868905027853,1.32132499673963
0.629201445297794,1.22076583392732
0.644328056237651,0.96090552968625
0.246944520026902,1.82100791744329
0.0169259673096146,1.227899363467
0.809116958349235,0.893392233002
0.592429295479078,1.43369145726273
0.564962105007134,0.219440578997135
0.962592941411762,0.558927779907826
0.579511593169058,0.850881050033961
0.287441647788733,1.02376720772265
0.389021639127508,1.52634586865734
0.586286803211309,1.02777228788612
0.362686802332513,0.172985613581259
0.378188489919286,0.44947016293928
0.699133033313081,2.0073343194495
0.806590739664147,0.800447499652859
0.45568678265064,1.36860261237901
0.0683765008312091,0.545714430966414
0.0181756528897583,1.07369438649761
0.522058457874451,1.37343277860526
0.927238811558336,0.459616126126144
0.620728749839813,1.0151066848468
0.417460190314325,0.336132506312337
0.0775511231713369,0.178383511451073
0.393462921325341,0.278918137208559
0.494194551580576,1.31444314159686
0.681955082417922,1.15323118436756
0.0374944411041122,0.144915682218969
0.799200276905894,1.24314266388537
0.32643271068925,0.164918606255203
0.104676376747191,1.62436255201558
0.647400902435873,0.693964207059704
0.318292730249455,1.19044367916882
0.884120557712382,1.36062909664726
0.696511122071175,1.49280193890957
0.843852719727196,1.63299219194008
0.219983895712988,0.129428846258204
0.10180725826229,1.48856504560588
0.864826171126207,1.08646869083121
0.344388854204202,1.80170264054928
0.624427381666368,0.720110499959439
0.121621480609514,0.901743680389132
0.614049157994324,0.543652545828838
0.993421984924693,0.457304454620928
0.704059525772687,0.187481239069253
0.947186668750821,1.01779425995937
0.978980039846608,1.2712959657195
0.730671571755307,0.884738708510995
0.515954919010624,0.201384088591672
0.0465877244439814,1.42028187908139
0.793816991979713,0.265950817524921
0.633426214097058,1.47388795653172
0.802500736902459,1.13223844347335
0.177590475857714,0.867653989477083
0.463168712355886,0.419515761103015
0.693841806437345,0.0600436162366532
0.821297092186278,0.122832917169668
0.502782211461561,1.64661642589606
0.381107535209032,1.87697856999328
0.453003752470938,0.0322214241516776
0.718687024087403,1.89951396101061
0.0649449147146568,1.21050474563101
0.407187078067092,1.94969946475932
0.91196885237446,0.213643197737634
0.709401272380482,0.228663965818007
0.236078568676477,1.31034670791915
0.509032660071962,1.51585246169334
0.390666194258016,0.556020956019871
0.424018050224977,1.21322080314951
0.649839936007271,0.0396871051145717
0.214381680315584,1.28242906954419
0.526195737017076,0.0376610095584765
0.747706743626613,1.09494495111378
0.198806986413654,0.180584920977708
0.375167242847607,1.52990252760658
0.416889034831654,0.741154710981529
0.382281865040995,1.58359158843569
0.10962948806257,0.339256800367963
0.23975253811501,0.133121387930121
0.209983621057579,0.317209123535547
0.498141454856833,0.553081148383673
0.384474589687064,0.450800520683173
0.404808085964285,1.61917983165011
0.756718230268443,0.215785075039137
0.142560678875763,0.176044656530023
0.303225115041472,0.106792302673683
0.138617866519596,1.25417257477064
0.613403775408389,0.607783074853942
0.69563113200943,1.5921529567861
0.187185901645096,1.99013460209733
0.967783469970329,1.1076731621637
0.885714939855495,0.854619481703732
0.113572051322777,0.409532468146645
0.297377309857626,1.41634748627944
0.2660927790685,0.676507891925983
0.0250809147828165,0.411584370813798
0.272449277192112,1.7633019150882
0.278532948883241,1.60938950005174
0.341685685007125,1.91126609946322
0.56827031883806,1.89084571085079
0.575494821869526,1.47832617964037
0.482576789810313,1.33758692644816
0.958373565802341,0.292458781803027
0.569615114215985,1.23321634227643
0.668277060325481,0.221501028030179
0.507311063846331,1.32233881287929
0.44632546061975,1.69545945489267
0.329021905099498,0.895989014101215
0.0528608793532383,1.59623747694911
0.427041227840809,0.353417942634784
0.244163107678052,0.295559221100528
0.974019067356121,1.95790539425844
0.998821047920492,1.45229359497689
0.600600723161818,1.74059754416998
0.932458679824127,0.283715822089929
0.234177855188716,0.975583294203039
0.74115757076907,0.326662231854629
0.4671613267993,0.094726180229336
0.0840496355923731,0.349032792855985
0.159796323623266,1.65604045272339
0.241823563027885,0.790517982420046
0.376567500247145,1.73730981204007
0.346908005951429,0.476463600049261
0.646646280212319,0.0447201187531464
0.275529999229349,1.75249097327655
0.905776290009953,0.0876525572929531
0.615928288523098,0.0157989470390603
0.89318386195343,0.909223953159992
0.462693235000586,1.27900797366118
0.499805009682421,1.51883831236605
0.530763481665859,0.936843638287857
0.535194699794045,0.777858180254698
0.0989743925023265,0.463864522933494
0.271750403417498,0.146046332302503
0.661122430742476,1.99488167660125
0.160400880112536,0.585434256823734
0.943915773357255,0.233110823300201
0.254268339754539,0.34098417875031
0.636912364805341,0.990980759399477
0.969524379743952,0.446873094163835
0.618668609159989,1.56033813121263
0.641872468937412,1.27397626969311
0.420762691268688,1.05233543115947
0.173140597354844,1.0824603501088
0.392830565390866,1.70144678099733
0.232571994477408,1.51711567811295
0.230448817810267,1.60393318391778
0.124260105242478,1.88975833848584
0.948802777225608,1.35260202675359
0.00414680521352217,0.618352091237437
0.71991198246506,1.10075639529992
0.847225110500343,1.77105029941583
0.694035608040392,0.620959085641429
0.11217671291925,0.687841555878054
0.353936193174208,0.495560576979071
0.0350832602525968,1.45536673329677
0.833527008533468,1.38703671394615
0.444671703617312,0.921370452695992
0.386677719468474,0.250694815667346
0.610549505015593,1.23830965815485
0.223236563567761,1.06388296218775
0.87430692740459,1.14174420640571
0.228031617142484,0.217313422647771
0.0208497702337243,1.24768111480912
0.339571500988202,0.19913557370007
0.73268367751291,0.820649872593116
0.953650346126631,1.12978542975988
0.538912709137416,0.824772048723418
0.516720890274029,1.60111318287579
0.861745904654255,1.43403204669431
0.216395279151378,1.84893053646339
0.243806467458596,1.59464263247
0.581259225763604,0.927012337939348
0.542342796633011,0.0732028619428165
0.971562992818877,1.77667346650781
0.155073518866198,1.62235747873271
0.161978599787215,1.04253481579525
0.323220532533005,0.131260048638098
0.0346181657842733,1.48110984412068
0.294947942655291,1.42942716233106
0.33881447781831,0.578034882987849
0.921186892850315,1.04129329392593
0.788556771759633,0.513661874316167
0.192333726329487,0.762314381127711
0.666513346378216,0.841750422013924
0.530007329853242,0.663364909239113
0.880023450596947,1.82604365314031
0.796076615618998,1.81904237785749
0.120160786637096,0.603626858920325
0.78418714756215,1.34944007504359
0.165826756337415,1.06888454593951
0.997914762854567,0.588796310173813
0.686694608622221,1.92426476283278
0.332419462431911,0.704821499151643
0.148893090220625,1.39699628502503
0.358364007658549,0.49656627059821
0.724053876634911,1.9766221757587
0.828196769365799,1.76501892646262
0.929647249105144,1.54574719021795
0.708717207188941,1.17653134837141
0.656456793221403,0.0635438128868118
0.611779009381998,1.35792776457965
0.292080975613548,1.70705609000707
0.017820716568958,1.65241517500905
0.672500968133323,0.641880007897038
0.713301130837984,1.54610031029349
0.317975231409296,0.0791182030127384
0.47648299797181,0.916821454409976
0.150963959042905,1.8750183583945
0.567144552874137,1.45680057543423
0.960657457607789,0.633660657337401
0.873284367175298,0.703972183230799
0.778546465015728,1.72587888165331
0.199153020204734,1.13529960115626
0.930519845053311,0.277183318431489
0.139912096211677,1.50941599100688
0.867559837287981,0.571335097523406
0.125304918921543,0.390979753117543
0.76690546850347,0.75535217431793
0.903343104191348,0.270314837845508
0.785030989472046,0.817429174805991
0.760810003085285,0.225729595213197
0.882464855538439,0.437481978349388
0.918723991465513,0.361659739509691
0.78773781454795,0.315956596110482
0.360884547185609,1.20292568420432
0.22909322773804,0.751770846942905
0.274349574582409,0.818129505893681
0.550816352442829,1.03050367403915
0.814017516551763,1.35116441547778
0.892753956543272,1.01962644039094
0.94006387854646,0.7645701776715
0.924838952840529,1.32618338216748
0.26273637511231,0.263099706346635
0.547436882721949,0.749505916662049
0.552875765110357,0.484209356225561
0.179815272860453,1.63776665018918
0.311826022199579,0.785292146146297
0.959296003408721,0.980250403726939
0.729271024205713,1.37598614024324
0.191597054679403,1.91688052362856
0.786823912276644,0.281517081467435
0.913025446679667,0.202176523817703
0.218818914199006,1.5418417970757
0.981601709591448,1.39127425318211
0.619753492331589,0.888062079748139
0.276120193738481,0.56002403294621
0.0927359419285692,1.48533111997554
0.10587736168107,0.499429931872524
0.399478002743786,0.903594455800019
0.524350579283889,0.899360665766057
0.059893548576152,0.87180729421787
0.807844479634883,0.235697736383881
0.398100411980636,1.03734321567928
0.485189565608967,1.84348993882304
0.34792649353574,1.01356687460747
0.0427915290971193,1.11145566065004
0.255385670259353,0.143072434669826
0.894497522313138,0.379131308552809
0.10638881113356,0.859982512665913
0.673921009207368,1.52170328288665
0.0236832556996867,0.453134866165929
0.00187869085836224,0.120230314434972
0.308964532024683,0.724897258995567
0.671567451751782,0.81527585018659
0.906791534431269,1.47750151551282
0.206290497544212,0.0199332552994601
0.604796210166058,1.36505688647646
0.775574166792203,0.406153443900403
0.062831780876955,1.12579936949955
0.211627224485846,0.430227368744556
0.899067377165416,0.403351477666292
0.419360818295032,0.62573913943395
0.648080051906165,0.149214198606089
0.744976343820561,0.582896480933297
0.2220039939701,0.700271498206537
0.701420518083721,1.17290265111765
0.180459465257814,1.91802569218446
0.418336142542297,0.876596096955705
0.86343030971637,0.812230503261089
0.132567908751769,0.0994238613443449
0.690055444543939,0.0840797853656113
0.366420503852181,0.563968616979662
0.270144916359792,0.161106401874684
0.340839029466724,0.066664911925327
0.103145940656532,0.849144594341982
0.769483859752528,0.709242604992352
0.27399732042429,1.47050377019588
0.989315383464787,1.64335935260542
0.736337094350709,0.58067207674589
0.174703252566736,0.334863488425966
0.820616632028706,1.38982583006844
0.849515971328123,1.56879650122626
0.188664732557945,0.822059807079844
0.402820788358096,1.37731127984403
0.28102109488518,1.75010329440748
0.836782891637636,1.16921114290226
0.55311143016791,0.41611684508808
0.0438080051406194,0.919027673399542
0.798583959484696,0.914301024849527
0.838589543564003,1.61298353378102
0.190186299825311,1.19571760637779
0.886797904914701,1.92237843425432
0.93971454066596,0.999679401177447
0.0822976433520578,1.53672081329953
0.461496188156065,1.72328130629566
0.442779035351928,1.17910242164833
0.774817055255864,1.52272572838003
0.185080541348541,1.07998273464618
0.472621187774222,0.77290221023513
0.95228089544991,1.84464532474382
0.763763686761716,1.26886331405351
0.527520046637617,1.57391510792961
0.803884595373403,1.61538769827457
0.994578467210745,0.672972236169502
0.896530741723478,1.27752439045208
0.23583528060535,1.40759657651233
0.224876943641799,1.87208273696387
0.665008054238968,0.75614524363447
0.333212018320793,1.32586985367443
0.634257512302594,0.302710385960992
0.875218121282281,0.879734961375594
0.387102248162953,1.73038133275369
0.676535975672761,1.22305162968673
0.0243888184854202,0.398544861970469
0.350320849783476,1.15425027980935
0.77216916936961,1.81590371697117
0.752215218041316,0.464464066369925
0.429393772642119,0.0477818412170745
0.391334136466254,1.25672284674924
0.557682809986165,1.90911821335368
0.264682814305406,1.68766784929577
0.521483464032635,1.28430467138067
0.653213984022606,0.527129135147668
0.261013304176964,0.768279003648553
0.983713360682819,1.77365744322585
0.889810805553095,0.394511465976946
0.397024918432804,0.207063902813476
0.937416908655772,0.438610520327464
0.383283336854531,1.75757073206967
0.268865899513699,1.42497417232534
0.5986109087048,2.00125025016489
0.925404852406112,1.96841062123235
0.421500700034425,1.25202424445096
0.289832970183799,1.19229654953349
0.941212835765434,2.00214621268259
0.897091987288082,1.9297612277614
0.556118335337834,0.364252668809146
0.111548436294766,1.5636460333229
0.324321286186799,1.11764948922582
0.143267870348636,0.480682262289338
0.726440907408707,1.16642435611505
0.0313819672299922,1.02410504256608
0.285937328703459,1.7483319632099
0.357185381510984,0.0493129349802621
0.995139803365562,1.58054864560626
0.117415062964186,1.97505593898287
0.933244603783349,1.49457723942446
0.330742956072316,1.80834014245262
0.65887470455071,0.968599709035363
0.574859692472722,1.64801599072153
0.448785566284312,0.811224906118587
0.533779830835052,1.18368033395242
0.750133565931804,1.04504759475729
0.16488882016506,0.928230965327472
0.871596151315598,1.8809503364847
0.319045403612768,1.83270562493289
0.359020896695778,0.71960409456538
0.0364315628015809,1.58834124520607
0.395167591696363,1.81244708267506
0.0731919406007416,1.85592527263565
0.779562075445186,0.67131414361205
0.406850580136748,0.646428492200561
0.449529113470102,0.117561431846116
0.781979692026032,1.79523553252872
0.354427815510184,0.788882159539964
0.823542436709153,0.256646469207015
0.999194303338639,1.44735317654721
